[
  {
    "id": 0,
    "type": "발라드",
    "picture": "images/1.jpg",
    "area": 0,
    "price": 1.23,
    "mp3": "images/1.mp3"
  },
  {
    "id": 1,
    "type": "댄스",
    "picture": "images/2.jpg",
    "area":  0,
    "price": 1.56,
    "mp3": "images/2.mp3"
  },
  {
    "id": 2,
    "type": "클래식",
    "picture": "images/3.jpg",
    "area": 0,
    "price": 2.74,
    "mp3": "images/3.mp3"
  },
  {
    "id": 3,
    "type": "발라드",
    "picture": "images/4.jpg",
    "area": 0,
    "price": 1.87,
    "mp3": "images/4.mp3"
  },
  {
    "id": 4,
    "type": "댄스",
    "picture": "images/5.jpg",
    "area": 0,
    "price": 1.97,
    "mp3": "images/5.mp3"
  },
  {
    "id": 5,
    "type": "힙합",
    "picture": "images/6.jpg",
    "area": 5,
    "price": 1.77,
    "mp3": "images/6.mp3"
  },
  {
    "id": 6,
    "type": "발라드",
    "picture": "images/7.jpg",
    "area": 12,
    "price": 2.12
  },
  {
    "id": 7,
    "type": "댄스",
    "picture": "images/8.jpg",
    "area": 7,
    "price": 2.57
  },
  {
    "id": 8,
    "type": "힙합",
    "picture": "images/9.jpg",
    "area": 8,
    "price": 1.32
  },
  {
    "id": 9,
    "type": "발라드",
    "picture": "images/10.jpg",
    "area": 9,
    "price": 1.11
  },
  {
    "id": 10,
    "type": "발라드",
    "picture": "images/11.jpg",
    "area": 9,
    "price": 1.11,
    "mp3": "images/8.mp3"
  }
]
